Topic,Description,Keywords
Introduction to Database Management Systems,"An in-depth exploration of Database Management Systems (DBMS), covering their foundational principles, architecture, and their vital role in data management, storage, and retrieval within organizations. ","DBMS introduction, data management, architecture, data storage, data retrieval."
Relational Database Model,"A comprehensive examination of the relational database model, encompassing its core components such as tables, attributes, relationships, and the practical application of SQL as the primary query language. ","Relational database, data tables, attributes, data relationships, SQL queries."
Database Design and Normalization,"Detailed insights into the art of database design, emphasizing the significance of normalization techniques in enhancing data integrity, reducing redundancy, and improving overall database efficiency. ","Database design principles, normalization techniques, data integrity enhancement, redundancy reduction, database efficiency."
Querying Relational Databases,"Practical guidance on constructing SQL queries to efficiently retrieve, modify, and manipulate data residing in relational databases, with an emphasis on query optimization. ","SQL query construction, data retrieval, data modification, query optimization."
Indexing and Performance Optimization,"An exploration of indexing methods and strategies aimed at enhancing query performance, particularly when dealing with substantial datasets, while minimizing resource consumption. ","Indexing techniques, query performance enhancement, resource efficiency."
Transaction Management and ACID Properties,"In-depth coverage of transaction management concepts, including a thorough examination of the ACID properties (Atomicity, Consistency, Isolation, Durability) and their pivotal role in ensuring data consistency and reliability. ","Transaction management, ACID properties, data consistency, data reliability."
Data Modeling and ER Diagrams,"A comprehensive look at data modeling techniques, with a focus on Entity-Relationship (ER) diagrams as powerful tools for conceptualizing and designing robust database schemas. ","Data modeling approaches, ER diagrams, robust database schemas."
Database Security and Access Control,"Thorough exploration of security measures within DBMS, encompassing authentication, authorization, encryption methods, and audit trails, crucial for safeguarding sensitive data and ensuring compliance. ","Database security measures, access control, data encryption, audit trail, data protection, compliance."
Data Warehousing and Business Intelligence,"In-depth examination of data warehousing concepts, including data mart creation, and their indispensable role in empowering business intelligence (BI) initiatives and informed decision-making. ","Data warehousing, data marts, business intelligence, data-driven decisions."
Cloud Databases and DBaaS,"A comprehensive overview of cloud-based database solutions, Database as a Service (DBaaS) offerings, and strategies for migrating to and managing databases in the cloud. ","Cloud databases, DBaaS, cloud migration strategies, cloud database management."
Time-Series and Geospatial Databases,"Exploration of specialized database types, including time-series databases for time-stamped data analysis and geospatial databases designed for geographical data handling. ","Time-series databases, geospatial databases, time-stamped data analysis, geographical data management."
In-Memory Databases,"In-depth coverage of in-memory databases that leverage system memory for data storage, enabling high-speed data access and processing, ideal for real-time applications. ","In-memory databases, data caching, real-time data processing, data retrieval speed."
Data Migration and ETL Processes,"Comprehensive insights into data migration strategies and the Extract, Transform, Load (ETL) processes, facilitating seamless data transfer and integration between databases and systems. ","Data migration strategies, ETL processes, data extraction, data transformation, data integration."
Multi-Model Databases,"Exploration of multi-model databases, versatile systems supporting various data models (e.g., document, graph, relational) within a single database environment, offering flexibility and adaptability. ","Multi-model databases, versatile data models, data model flexibility."
Database Auditing and Logging,"A comprehensive examination of database auditing and logging mechanisms, essential for tracking, monitoring, and analyzing database activities to ensure data security and compliance. ","Database auditing, activity tracking, log analysis, data security, compliance monitoring."
Data Visualization and Reporting,"In-depth exploration of data visualization techniques and reporting tools for translating complex database insights into accessible, informative, and actionable visual representations. ","Data visualization, reporting tools, data insights communication, visual data representation."
Data Compression and Encryption,"Comprehensive coverage of data compression techniques, optimizing storage efficiency, and data encryption methods to safeguard sensitive information within databases. ","Data compression strategies, data encryption methods, storage optimization, data protection measures."
Data Governance and Master Data Management (MDM),"Thorough examination of data governance strategies and Master Data Management (MDM) practices, ensuring data quality, consistency, and compliance throughout the organization. ","Data governance, MDM practices, data quality assurance, data consistency management, compliance adherence."
NoSQL Databases: Document Stores,"A deep dive into NoSQL document stores, data repositories that store and manage flexible JSON-like documents, and their applicability in modern applications and database systems. ","NoSQL document stores, flexible data storage, JSON-like documents, modern database applications."
Big Data and Distributed Databases,"Comprehensive insights into managing and analyzing extensive datasets through distributed database systems, addressing the unique challenges of handling Big Data and distributed data processing. ","Big Data management, distributed database systems, large dataset analysis, distributed data processing challenges."
Data Mining and Knowledge Discovery,"In-depth exploration of data mining techniques, machine learning algorithms, and knowledge discovery processes for extracting valuable insights and patterns from large datasets. ","Data mining techniques, machine learning algorithms, knowledge discovery, data pattern extraction."
Database Backup and Recovery,"A comprehensive guide to database backup strategies, data recovery processes, and disaster recovery planning to ensure data availability and system resilience. ","Database backup strategies, data recovery processes, disaster recovery planning, data availability assurance, system resilience measures."
Database Administration and Performance Tuning,"Thorough examination of the critical role of a database administrator (DBA), including responsibilities such as database performance monitoring, optimization, and ensuring data integrity and security across the database environment. ","Database administration, DBA responsibilities, performance monitoring, data optimization, data security, data integrity."
Database Constraints and Triggers,"An exploration of database constraints such as primary keys, foreign keys, unique constraints, and database triggers used to enforce data integrity and automate database actions. ","Database constraints, primary keys, foreign keys, unique constraints, database triggers, data integrity enforcement, automation."
Data Backup and Recovery Strategies,"Comprehensive coverage of data backup and recovery strategies, including full, incremental, and differential backup methods, to ensure data resilience and continuity. ","Data backup strategies, recovery planning, backup methods, data resilience, data continuity."
Database Migration and Schema Evolution,"Examination of database migration techniques and schema evolution, addressing the challenges of transitioning between different database systems and evolving database structures. ","Database migration, schema evolution, database system transition, data structure evolution, database migration challenges."
Data Privacy and Compliance in Databases,"Thorough exploration of data privacy regulations and compliance standards, their impact on database management, and strategies for maintaining compliance within database systems. ","Data privacy regulations, compliance standards, database management, compliance strategies."
Distributed Databases and Replication,"Comprehensive insights into distributed database systems, data replication methods, and the strategies employed to manage and synchronize data across distributed locations. ","Distributed database systems, data replication techniques, data synchronization, distributed data management."
Database Scalability and Partitioning,"Examination of database scalability approaches, including horizontal and vertical partitioning techniques, to accommodate growing data volumes and user loads. ","Database scalability, horizontal partitioning, vertical partitioning, data volume handling, user load management."
Data Quality Assurance and Data Cleansing,"In-depth coverage of data quality assurance techniques and data cleansing processes, ensuring that data within the database remains accurate, consistent, and reliable. ","Data quality assurance, data cleansing, data accuracy, data consistency, data reliability."
Database Performance Monitoring and Tuning,"Thorough exploration of database performance monitoring tools and techniques, as well as strategies for fine-tuning database systems to optimize efficiency. ","Performance monitoring, database tuning, performance optimization, database efficiency."
Geospatial and Temporal Databases,"In-depth examination of geospatial databases for managing geographic data and temporal databases for handling time-related data, addressing their applications and challenges. ","Geospatial databases, temporal databases, geographic data management, time-related data handling, database applications."
Database Archiving and Data Retention,"Comprehensive insights into database archiving practices and data retention policies, balancing the need to maintain historical data with storage efficiency.","Database archiving, data retention policies, historical data preservation, storage efficiency."
